Model_type, typecode, typecodes, e_dist 
CVAE_ONNX, A320, 0.019321375887765502
CVAE_ONNX, B738, 0.01330672176440828
CVAE_ONNX, A321, 0.020599241452296704
CVAE_ONNX, A319, 0.03078555661247587
CVAE_ONNX, A20N, 0.04484486078948155
CVAE_ONNX, A21N, 0.1224929087276525
VAE_ONNX, A320, 0.21300611939375722
VAE_ONNX, B738, 0.062247149562179124
VAE_ONNX, A321, 0.08182897502584324
VAE_ONNX, A319, 0.3374367305534603
VAE_ONNX, A20N, 0.20146370412479667
VAE_ONNX, A21N, 1.2277971576207638
