Model_type, typecode, typecodes, total loss, kl_loss, MSE 
CVAE_ONNX, A320, -3048.552001953125, 135.2981414794922, 0.015662586212158203
CVAE_ONNX, B738, -2885.509765625, 141.74020385742188, 0.02402746327718099
CVAE_ONNX, A321, -2935.153564453125, 143.06275939941406, 0.021305077822642803
CVAE_ONNX, A319, -3043.261962890625, 136.7373809814453, 0.01586827887955442
CVAE_ONNX, A20N, -2933.1259765625, 137.4288330078125, 0.02171432008134558
CVAE_ONNX, A21N, -2575.45263671875, 141.96511840820312, 0.04057734945546026
