Model_type, typecode, typecodes, e_dist 
CVAE_ONNX, A320, 0.0273767845989336
CVAE_ONNX, B738, 0.003998734509085873
CVAE_ONNX, A321, 0.005171068176155158
CVAE_ONNX, A318, 0.009494066337728042
CVAE_ONNX, A21N, 0.011114707274430336
