Model_type, typecode, typecodes, e_dist 
CVAE_ONNX, A320, 0.03272614160247313
CVAE_ONNX, B738, 0.006092622818269078
CVAE_ONNX, A321, 0.016717157250360257
CVAE_ONNX, A319, 0.013587666969307218
CVAE_ONNX, A20N, 0.015930654664348332
CVAE_ONNX, A21N, 0.016728875853083663
VAE_ONNX, A320, 0.23310891731016314
VAE_ONNX, B738, 0.06360284299794831
VAE_ONNX, A321, 0.08395316856948681
VAE_ONNX, A319, 0.3444093514315266
VAE_ONNX, A20N, 0.20059095720274264
VAE_ONNX, A21N, 1.2361355752708514
